,Tree1,Tree2,VLMC dist,threshold,min_count,max_depth,Tree1 VLMC size,Tree2 VLMC size,Tree1 GC ratio,Tree2 GC ratio
0,Galeopterus variegatus,Otolemur garnettii,0.237974,0.0,25,24,1310558467,1073999543,34.76677460178301,38.013368451217595
1,Galeopterus variegatus,Daubentonia madagascariensis,0.213909,0.0,25,24,1310558467,1085322081,34.76677460178301,39.39099517069151
2,Galeopterus variegatus,Eulemur macaco,0.212381,0.0,25,24,1310558467,883572640,34.76677460178301,39.84544899667991
3,Galeopterus variegatus,Aotus nancymaae,0.232574,0.0,25,24,1310558467,1262819758,34.76677460178301,38.13125614956874
4,Galeopterus variegatus,Callithrix jacchus,0.242947,0.0,25,24,1310558467,1386312934,34.76677460178301,40.22019165548447
5,Galeopterus variegatus,Nomascus leucogenys,0.233374,0.0,25,24,1310558467,1343132102,34.76677460178301,40.30296197476748
6,Galeopterus variegatus,Pan paniscus,0.237247,0.0,25,24,1310558467,1479369447,34.76677460178301,39.584494024464064
7,Galeopterus variegatus,Homo sapiens subsp. Denisova,0.241054,0.0,25,24,1310558467,1540558352,34.76677460178301,38.559771286613994
8,Galeopterus variegatus,Pongo abelii,0.247851,0.0,25,24,1310558467,1639753018,34.76677460178301,40.533057862356024
9,Galeopterus variegatus,Papio anubis,0.23217,0.0,25,24,1310558467,1348635951,34.76677460178301,40.34269736216134
10,Galeopterus variegatus,Mandrillus leucophaeus,0.229734,0.0,25,24,1310558467,1269411771,34.76677460178301,35.73871811431402
11,Galeopterus variegatus,Macaca nemestrina,0.230048,0.0,25,24,1310558467,1320746870,34.76677460178301,38.95023271283116
12,Galeopterus variegatus,Nasalis larvatus,0.226617,0.0,25,24,1310558467,1071682999,34.76677460178301,31.457062330820754
13,Galeopterus variegatus,Colobus angolensis,0.229986,0.0,25,24,1310558467,1249746259,34.76677460178301,36.348927770522955
14,Galeopterus variegatus,Carlito syrichta,0.259014,0.0,25,24,1310558467,1845782869,34.76677460178301,39.53765480833894
15,Galeopterus variegatus,Chlorocebus sabaeus,0.234314,0.0,25,24,1310558467,1394427729,34.76677460178301,40.45298252515873
16,Otolemur garnettii,Daubentonia madagascariensis,0.211478,0.0,25,24,1073999543,1085322081,38.013368451217595,39.39099517069151
17,Otolemur garnettii,Eulemur macaco,0.203813,0.0,25,24,1073999543,883572640,38.013368451217595,39.84544899667991
18,Otolemur garnettii,Aotus nancymaae,0.225121,0.0,25,24,1073999543,1262819758,38.013368451217595,38.13125614956874
19,Otolemur garnettii,Callithrix jacchus,0.233414,0.0,25,24,1073999543,1386312934,38.013368451217595,40.22019165548447
20,Otolemur garnettii,Nomascus leucogenys,0.229144,0.0,25,24,1073999543,1343132102,38.013368451217595,40.30296197476748
21,Otolemur garnettii,Pan paniscus,0.233455,0.0,25,24,1073999543,1479369447,38.013368451217595,39.584494024464064
22,Otolemur garnettii,Homo sapiens subsp. Denisova,0.236972,0.0,25,24,1073999543,1540558352,38.013368451217595,38.559771286613994
23,Otolemur garnettii,Pongo abelii,0.243735,0.0,25,24,1073999543,1639753018,38.013368451217595,40.533057862356024
24,Otolemur garnettii,Papio anubis,0.227051,0.0,25,24,1073999543,1348635951,38.013368451217595,40.34269736216134
25,Otolemur garnettii,Mandrillus leucophaeus,0.224854,0.0,25,24,1073999543,1269411771,38.013368451217595,35.73871811431402
26,Otolemur garnettii,Macaca nemestrina,0.224801,0.0,25,24,1073999543,1320746870,38.013368451217595,38.95023271283116
27,Otolemur garnettii,Nasalis larvatus,0.221754,0.0,25,24,1073999543,1071682999,38.013368451217595,31.457062330820754
28,Otolemur garnettii,Colobus angolensis,0.224602,0.0,25,24,1073999543,1249746259,38.013368451217595,36.348927770522955
29,Otolemur garnettii,Carlito syrichta,0.250029,0.0,25,24,1073999543,1845782869,38.013368451217595,39.53765480833894
30,Otolemur garnettii,Chlorocebus sabaeus,0.228518,0.0,25,24,1073999543,1394427729,38.013368451217595,40.45298252515873
31,Daubentonia madagascariensis,Eulemur macaco,0.162527,0.0,25,24,1085322081,883572640,39.39099517069151,39.84544899667991
32,Daubentonia madagascariensis,Aotus nancymaae,0.209146,0.0,25,24,1085322081,1262819758,39.39099517069151,38.13125614956874
33,Daubentonia madagascariensis,Callithrix jacchus,0.220261,0.0,25,24,1085322081,1386312934,39.39099517069151,40.22019165548447
34,Daubentonia madagascariensis,Nomascus leucogenys,0.208683,0.0,25,24,1085322081,1343132102,39.39099517069151,40.30296197476748
35,Daubentonia madagascariensis,Pan paniscus,0.211626,0.0,25,24,1085322081,1479369447,39.39099517069151,39.584494024464064
36,Daubentonia madagascariensis,Homo sapiens subsp. Denisova,0.215053,0.0,25,24,1085322081,1540558352,39.39099517069151,38.559771286613994
37,Daubentonia madagascariensis,Pongo abelii,0.222602,0.0,25,24,1085322081,1639753018,39.39099517069151,40.533057862356024
38,Daubentonia madagascariensis,Papio anubis,0.207674,0.0,25,24,1085322081,1348635951,39.39099517069151,40.34269736216134
39,Daubentonia madagascariensis,Mandrillus leucophaeus,0.20541,0.0,25,24,1085322081,1269411771,39.39099517069151,35.73871811431402
40,Daubentonia madagascariensis,Macaca nemestrina,0.205653,0.0,25,24,1085322081,1320746870,39.39099517069151,38.95023271283116
41,Daubentonia madagascariensis,Nasalis larvatus,0.203408,0.0,25,24,1085322081,1071682999,39.39099517069151,31.457062330820754
42,Daubentonia madagascariensis,Colobus angolensis,0.205965,0.0,25,24,1085322081,1249746259,39.39099517069151,36.348927770522955
43,Daubentonia madagascariensis,Carlito syrichta,0.236938,0.0,25,24,1085322081,1845782869,39.39099517069151,39.53765480833894
44,Daubentonia madagascariensis,Chlorocebus sabaeus,0.209808,0.0,25,24,1085322081,1394427729,39.39099517069151,40.45298252515873
45,Eulemur macaco,Aotus nancymaae,0.203733,0.0,25,24,883572640,1262819758,39.84544899667991,38.13125614956874
46,Eulemur macaco,Callithrix jacchus,0.214407,0.0,25,24,883572640,1386312934,39.84544899667991,40.22019165548447
47,Eulemur macaco,Nomascus leucogenys,0.204984,0.0,25,24,883572640,1343132102,39.84544899667991,40.30296197476748
48,Eulemur macaco,Pan paniscus,0.2088,0.0,25,24,883572640,1479369447,39.84544899667991,39.584494024464064
49,Eulemur macaco,Homo sapiens subsp. Denisova,0.211734,0.0,25,24,883572640,1540558352,39.84544899667991,38.559771286613994
50,Eulemur macaco,Pongo abelii,0.220002,0.0,25,24,883572640,1639753018,39.84544899667991,40.533057862356024
51,Eulemur macaco,Papio anubis,0.203361,0.0,25,24,883572640,1348635951,39.84544899667991,40.34269736216134
52,Eulemur macaco,Mandrillus leucophaeus,0.201267,0.0,25,24,883572640,1269411771,39.84544899667991,35.73871811431402
53,Eulemur macaco,Macaca nemestrina,0.201269,0.0,25,24,883572640,1320746870,39.84544899667991,38.95023271283116
54,Eulemur macaco,Nasalis larvatus,0.199296,0.0,25,24,883572640,1071682999,39.84544899667991,31.457062330820754
55,Eulemur macaco,Colobus angolensis,0.201664,0.0,25,24,883572640,1249746259,39.84544899667991,36.348927770522955
56,Eulemur macaco,Carlito syrichta,0.230427,0.0,25,24,883572640,1845782869,39.84544899667991,39.53765480833894
57,Eulemur macaco,Chlorocebus sabaeus,0.205501,0.0,25,24,883572640,1394427729,39.84544899667991,40.45298252515873
58,Aotus nancymaae,Callithrix jacchus,0.144178,0.0,25,24,1262819758,1386312934,38.13125614956874,40.22019165548447
59,Aotus nancymaae,Nomascus leucogenys,0.160924,0.0,25,24,1262819758,1343132102,38.13125614956874,40.30296197476748
60,Aotus nancymaae,Pan paniscus,0.164408,0.0,25,24,1262819758,1479369447,38.13125614956874,39.584494024464064
61,Aotus nancymaae,Homo sapiens subsp. Denisova,0.168489,0.0,25,24,1262819758,1540558352,38.13125614956874,38.559771286613994
62,Aotus nancymaae,Pongo abelii,0.175558,0.0,25,24,1262819758,1639753018,38.13125614956874,40.533057862356024
63,Aotus nancymaae,Papio anubis,0.159153,0.0,25,24,1262819758,1348635951,38.13125614956874,40.34269736216134
64,Aotus nancymaae,Mandrillus leucophaeus,0.157308,0.0,25,24,1262819758,1269411771,38.13125614956874,35.73871811431402
65,Aotus nancymaae,Macaca nemestrina,0.157518,0.0,25,24,1262819758,1320746870,38.13125614956874,38.95023271283116
66,Aotus nancymaae,Nasalis larvatus,0.159368,0.0,25,24,1262819758,1071682999,38.13125614956874,31.457062330820754
67,Aotus nancymaae,Colobus angolensis,0.15733,0.0,25,24,1262819758,1249746259,38.13125614956874,36.348927770522955
68,Aotus nancymaae,Carlito syrichta,0.238903,0.0,25,24,1262819758,1845782869,38.13125614956874,39.53765480833894
69,Aotus nancymaae,Chlorocebus sabaeus,0.160954,0.0,25,24,1262819758,1394427729,38.13125614956874,40.45298252515873
70,Callithrix jacchus,Nomascus leucogenys,0.173009,0.0,25,24,1386312934,1343132102,40.22019165548447,40.30296197476748
71,Callithrix jacchus,Pan paniscus,0.175143,0.0,25,24,1386312934,1479369447,40.22019165548447,39.584494024464064
72,Callithrix jacchus,Homo sapiens subsp. Denisova,0.179566,0.0,25,24,1386312934,1540558352,40.22019165548447,38.559771286613994
73,Callithrix jacchus,Pongo abelii,0.186417,0.0,25,24,1386312934,1639753018,40.22019165548447,40.533057862356024
74,Callithrix jacchus,Papio anubis,0.170969,0.0,25,24,1386312934,1348635951,40.22019165548447,40.34269736216134
75,Callithrix jacchus,Mandrillus leucophaeus,0.169226,0.0,25,24,1386312934,1269411771,40.22019165548447,35.73871811431402
76,Callithrix jacchus,Macaca nemestrina,0.170369,0.0,25,24,1386312934,1320746870,40.22019165548447,38.95023271283116
77,Callithrix jacchus,Nasalis larvatus,0.170676,0.0,25,24,1386312934,1071682999,40.22019165548447,31.457062330820754
78,Callithrix jacchus,Colobus angolensis,0.169413,0.0,25,24,1386312934,1249746259,40.22019165548447,36.348927770522955
79,Callithrix jacchus,Carlito syrichta,0.247727,0.0,25,24,1386312934,1845782869,40.22019165548447,39.53765480833894
80,Callithrix jacchus,Chlorocebus sabaeus,0.17285,0.0,25,24,1386312934,1394427729,40.22019165548447,40.45298252515873
81,Nomascus leucogenys,Pan paniscus,0.13278,0.0,25,24,1343132102,1479369447,40.30296197476748,39.584494024464064
82,Nomascus leucogenys,Homo sapiens subsp. Denisova,0.136248,0.0,25,24,1343132102,1540558352,40.30296197476748,38.559771286613994
83,Nomascus leucogenys,Pongo abelii,0.144786,0.0,25,24,1343132102,1639753018,40.30296197476748,40.533057862356024
84,Nomascus leucogenys,Papio anubis,0.140028,0.0,25,24,1343132102,1348635951,40.30296197476748,40.34269736216134
85,Nomascus leucogenys,Mandrillus leucophaeus,0.141696,0.0,25,24,1343132102,1269411771,40.30296197476748,35.73871811431402
86,Nomascus leucogenys,Macaca nemestrina,0.142387,0.0,25,24,1343132102,1320746870,40.30296197476748,38.95023271283116
87,Nomascus leucogenys,Nasalis larvatus,0.145732,0.0,25,24,1343132102,1071682999,40.30296197476748,31.457062330820754
88,Nomascus leucogenys,Colobus angolensis,0.142366,0.0,25,24,1343132102,1249746259,40.30296197476748,36.348927770522955
89,Nomascus leucogenys,Carlito syrichta,0.241308,0.0,25,24,1343132102,1845782869,40.30296197476748,39.53765480833894
90,Nomascus leucogenys,Chlorocebus sabaeus,0.142781,0.0,25,24,1343132102,1394427729,40.30296197476748,40.45298252515873
91,Pan paniscus,Homo sapiens subsp. Denisova,0.101115,0.0,25,24,1479369447,1540558352,39.584494024464064,38.559771286613994
92,Pan paniscus,Pongo abelii,0.140223,0.0,25,24,1479369447,1639753018,39.584494024464064,40.533057862356024
93,Pan paniscus,Papio anubis,0.143409,0.0,25,24,1479369447,1348635951,39.584494024464064,40.34269736216134
94,Pan paniscus,Mandrillus leucophaeus,0.144493,0.0,25,24,1479369447,1269411771,39.584494024464064,35.73871811431402
95,Pan paniscus,Macaca nemestrina,0.146321,0.0,25,24,1479369447,1320746870,39.584494024464064,38.95023271283116
96,Pan paniscus,Nasalis larvatus,0.145095,0.0,25,24,1479369447,1071682999,39.584494024464064,31.457062330820754
97,Pan paniscus,Colobus angolensis,0.145419,0.0,25,24,1479369447,1249746259,39.584494024464064,36.348927770522955
98,Pan paniscus,Carlito syrichta,0.245562,0.0,25,24,1479369447,1845782869,39.584494024464064,39.53765480833894
99,Pan paniscus,Chlorocebus sabaeus,0.147757,0.0,25,24,1479369447,1394427729,39.584494024464064,40.45298252515873
100,Homo sapiens subsp. Denisova,Pongo abelii,0.140118,0.0,25,24,1540558352,1639753018,38.559771286613994,40.533057862356024
101,Homo sapiens subsp. Denisova,Papio anubis,0.146139,0.0,25,24,1540558352,1348635951,38.559771286613994,40.34269736216134
102,Homo sapiens subsp. Denisova,Mandrillus leucophaeus,0.148369,0.0,25,24,1540558352,1269411771,38.559771286613994,35.73871811431402
103,Homo sapiens subsp. Denisova,Macaca nemestrina,0.15018,0.0,25,24,1540558352,1320746870,38.559771286613994,38.95023271283116
104,Homo sapiens subsp. Denisova,Nasalis larvatus,0.147338,0.0,25,24,1540558352,1071682999,38.559771286613994,31.457062330820754
105,Homo sapiens subsp. Denisova,Colobus angolensis,0.148863,0.0,25,24,1540558352,1249746259,38.559771286613994,36.348927770522955
106,Homo sapiens subsp. Denisova,Carlito syrichta,0.250116,0.0,25,24,1540558352,1845782869,38.559771286613994,39.53765480833894
107,Homo sapiens subsp. Denisova,Chlorocebus sabaeus,0.151815,0.0,25,24,1540558352,1394427729,38.559771286613994,40.45298252515873
108,Pongo abelii,Papio anubis,0.156373,0.0,25,24,1639753018,1348635951,40.533057862356024,40.34269736216134
109,Pongo abelii,Mandrillus leucophaeus,0.15615,0.0,25,24,1639753018,1269411771,40.533057862356024,35.73871811431402
110,Pongo abelii,Macaca nemestrina,0.16018,0.0,25,24,1639753018,1320746870,40.533057862356024,38.95023271283116
111,Pongo abelii,Nasalis larvatus,0.155669,0.0,25,24,1639753018,1071682999,40.533057862356024,31.457062330820754
112,Pongo abelii,Colobus angolensis,0.157114,0.0,25,24,1639753018,1249746259,40.533057862356024,36.348927770522955
113,Pongo abelii,Carlito syrichta,0.255617,0.0,25,24,1639753018,1845782869,40.533057862356024,39.53765480833894
114,Pongo abelii,Chlorocebus sabaeus,0.159792,0.0,25,24,1639753018,1394427729,40.533057862356024,40.45298252515873
115,Papio anubis,Mandrillus leucophaeus,0.112605,0.0,25,24,1348635951,1269411771,40.34269736216134,35.73871811431402
116,Papio anubis,Macaca nemestrina,0.115692,0.0,25,24,1348635951,1320746870,40.34269736216134,38.95023271283116
117,Papio anubis,Nasalis larvatus,0.129718,0.0,25,24,1348635951,1071682999,40.34269736216134,31.457062330820754
118,Papio anubis,Colobus angolensis,0.12544,0.0,25,24,1348635951,1249746259,40.34269736216134,36.348927770522955
119,Papio anubis,Carlito syrichta,0.240091,0.0,25,24,1348635951,1845782869,40.34269736216134,39.53765480833894
120,Papio anubis,Chlorocebus sabaeus,0.122454,0.0,25,24,1348635951,1394427729,40.34269736216134,40.45298252515873
121,Mandrillus leucophaeus,Macaca nemestrina,0.116363,0.0,25,24,1269411771,1320746870,35.73871811431402,38.95023271283116
122,Mandrillus leucophaeus,Nasalis larvatus,0.130597,0.0,25,24,1269411771,1071682999,35.73871811431402,31.457062330820754
123,Mandrillus leucophaeus,Colobus angolensis,0.124454,0.0,25,24,1269411771,1249746259,35.73871811431402,36.348927770522955
124,Mandrillus leucophaeus,Carlito syrichta,0.23775,0.0,25,24,1269411771,1845782869,35.73871811431402,39.53765480833894
125,Mandrillus leucophaeus,Chlorocebus sabaeus,0.123813,0.0,25,24,1269411771,1394427729,35.73871811431402,40.45298252515873
126,Macaca nemestrina,Nasalis larvatus,0.134574,0.0,25,24,1320746870,1071682999,38.95023271283116,31.457062330820754
127,Macaca nemestrina,Colobus angolensis,0.125109,0.0,25,24,1320746870,1249746259,38.95023271283116,36.348927770522955
128,Macaca nemestrina,Carlito syrichta,0.238396,0.0,25,24,1320746870,1845782869,38.95023271283116,39.53765480833894
129,Macaca nemestrina,Chlorocebus sabaeus,0.122256,0.0,25,24,1320746870,1394427729,38.95023271283116,40.45298252515873
130,Nasalis larvatus,Colobus angolensis,0.125743,0.0,25,24,1071682999,1249746259,31.457062330820754,36.348927770522955
131,Nasalis larvatus,Carlito syrichta,0.234815,0.0,25,24,1071682999,1845782869,31.457062330820754,39.53765480833894
132,Nasalis larvatus,Chlorocebus sabaeus,0.132785,0.0,25,24,1071682999,1394427729,31.457062330820754,40.45298252515873
133,Colobus angolensis,Carlito syrichta,0.237425,0.0,25,24,1249746259,1845782869,36.348927770522955,39.53765480833894
134,Colobus angolensis,Chlorocebus sabaeus,0.128789,0.0,25,24,1249746259,1394427729,36.348927770522955,40.45298252515873
135,Carlito syrichta,Chlorocebus sabaeus,0.241999,0.0,25,24,1845782869,1394427729,39.53765480833894,40.45298252515873
136,Galeopterus variegatus,Otolemur garnettii,0.193704,0.0,100,24,294220577,246920288,34.76677460178301,38.013368451217595
137,Galeopterus variegatus,Daubentonia madagascariensis,0.166376,0.0,100,24,294220577,242777007,34.76677460178301,39.39099517069151
138,Galeopterus variegatus,Eulemur macaco,0.163058,0.0,100,24,294220577,197523272,34.76677460178301,39.84544899667991
139,Galeopterus variegatus,Aotus nancymaae,0.187752,0.0,100,24,294220577,290371244,34.76677460178301,38.13125614956874
140,Galeopterus variegatus,Callithrix jacchus,0.201489,0.0,100,24,294220577,318596585,34.76677460178301,40.22019165548447
141,Galeopterus variegatus,Nomascus leucogenys,0.192053,0.0,100,24,294220577,312920458,34.76677460178301,40.30296197476748
142,Galeopterus variegatus,Pan paniscus,0.197169,0.0,100,24,294220577,347980533,34.76677460178301,39.584494024464064
143,Galeopterus variegatus,Homo sapiens subsp. Denisova,0.196317,0.0,100,24,294220577,354740609,34.76677460178301,38.559771286613994
144,Galeopterus variegatus,Pongo abelii,0.213352,0.0,100,24,294220577,411982055,34.76677460178301,40.533057862356024
145,Galeopterus variegatus,Papio anubis,0.188386,0.0,100,24,294220577,309537299,34.76677460178301,40.34269736216134
146,Galeopterus variegatus,Mandrillus leucophaeus,0.184603,0.0,100,24,294220577,290199623,34.76677460178301,35.73871811431402
147,Galeopterus variegatus,Macaca nemestrina,0.185248,0.0,100,24,294220577,301777315,34.76677460178301,38.95023271283116
148,Galeopterus variegatus,Nasalis larvatus,0.179718,0.0,100,24,294220577,242391166,34.76677460178301,31.457062330820754
149,Galeopterus variegatus,Colobus angolensis,0.18589,0.0,100,24,294220577,286649167,34.76677460178301,36.348927770522955
150,Galeopterus variegatus,Carlito syrichta,0.216309,0.0,100,24,294220577,405207229,34.76677460178301,39.53765480833894
151,Galeopterus variegatus,Chlorocebus sabaeus,0.191412,0.0,100,24,294220577,319942446,34.76677460178301,40.45298252515873
152,Otolemur garnettii,Daubentonia madagascariensis,0.166427,0.0,100,24,246920288,242777007,38.013368451217595,39.39099517069151
153,Otolemur garnettii,Eulemur macaco,0.154942,0.0,100,24,246920288,197523272,38.013368451217595,39.84544899667991
154,Otolemur garnettii,Aotus nancymaae,0.182208,0.0,100,24,246920288,290371244,38.013368451217595,38.13125614956874
155,Otolemur garnettii,Callithrix jacchus,0.193543,0.0,100,24,246920288,318596585,38.013368451217595,40.22019165548447
156,Otolemur garnettii,Nomascus leucogenys,0.18939,0.0,100,24,246920288,312920458,38.013368451217595,40.30296197476748
157,Otolemur garnettii,Pan paniscus,0.195037,0.0,100,24,246920288,347980533,38.013368451217595,39.584494024464064
158,Otolemur garnettii,Homo sapiens subsp. Denisova,0.195212,0.0,100,24,246920288,354740609,38.013368451217595,38.559771286613994
159,Otolemur garnettii,Pongo abelii,0.211094,0.0,100,24,246920288,411982055,38.013368451217595,40.533057862356024
160,Otolemur garnettii,Papio anubis,0.185487,0.0,100,24,246920288,309537299,38.013368451217595,40.34269736216134
161,Otolemur garnettii,Mandrillus leucophaeus,0.181652,0.0,100,24,246920288,290199623,38.013368451217595,35.73871811431402
162,Otolemur garnettii,Macaca nemestrina,0.182335,0.0,100,24,246920288,301777315,38.013368451217595,38.95023271283116
163,Otolemur garnettii,Nasalis larvatus,0.176003,0.0,100,24,246920288,242391166,38.013368451217595,31.457062330820754
164,Otolemur garnettii,Colobus angolensis,0.18208,0.0,100,24,246920288,286649167,38.013368451217595,36.348927770522955
165,Otolemur garnettii,Carlito syrichta,0.210493,0.0,100,24,246920288,405207229,38.013368451217595,39.53765480833894
166,Otolemur garnettii,Chlorocebus sabaeus,0.187948,0.0,100,24,246920288,319942446,38.013368451217595,40.45298252515873
167,Daubentonia madagascariensis,Eulemur macaco,0.10561,0.0,100,24,242777007,197523272,39.39099517069151,39.84544899667991
168,Daubentonia madagascariensis,Aotus nancymaae,0.163104,0.0,100,24,242777007,290371244,39.39099517069151,38.13125614956874
169,Daubentonia madagascariensis,Callithrix jacchus,0.178176,0.0,100,24,242777007,318596585,39.39099517069151,40.22019165548447
170,Daubentonia madagascariensis,Nomascus leucogenys,0.165864,0.0,100,24,242777007,312920458,39.39099517069151,40.30296197476748
171,Daubentonia madagascariensis,Pan paniscus,0.170577,0.0,100,24,242777007,347980533,39.39099517069151,39.584494024464064
172,Daubentonia madagascariensis,Homo sapiens subsp. Denisova,0.169803,0.0,100,24,242777007,354740609,39.39099517069151,38.559771286613994
173,Daubentonia madagascariensis,Pongo abelii,0.187822,0.0,100,24,242777007,411982055,39.39099517069151,40.533057862356024
174,Daubentonia madagascariensis,Papio anubis,0.162763,0.0,100,24,242777007,309537299,39.39099517069151,40.34269736216134
175,Daubentonia madagascariensis,Mandrillus leucophaeus,0.158869,0.0,100,24,242777007,290199623,39.39099517069151,35.73871811431402
176,Daubentonia madagascariensis,Macaca nemestrina,0.159632,0.0,100,24,242777007,301777315,39.39099517069151,38.95023271283116
177,Daubentonia madagascariensis,Nasalis larvatus,0.154631,0.0,100,24,242777007,242391166,39.39099517069151,31.457062330820754
178,Daubentonia madagascariensis,Colobus angolensis,0.160333,0.0,100,24,242777007,286649167,39.39099517069151,36.348927770522955
179,Daubentonia madagascariensis,Carlito syrichta,0.194775,0.0,100,24,242777007,405207229,39.39099517069151,39.53765480833894
180,Daubentonia madagascariensis,Chlorocebus sabaeus,0.166026,0.0,100,24,242777007,319942446,39.39099517069151,40.45298252515873
181,Eulemur macaco,Aotus nancymaae,0.155251,0.0,100,24,197523272,290371244,39.84544899667991,38.13125614956874
182,Eulemur macaco,Callithrix jacchus,0.170201,0.0,100,24,197523272,318596585,39.84544899667991,40.22019165548447
183,Eulemur macaco,Nomascus leucogenys,0.160161,0.0,100,24,197523272,312920458,39.84544899667991,40.30296197476748
184,Eulemur macaco,Pan paniscus,0.165694,0.0,100,24,197523272,347980533,39.84544899667991,39.584494024464064
185,Eulemur macaco,Homo sapiens subsp. Denisova,0.164849,0.0,100,24,197523272,354740609,39.84544899667991,38.559771286613994
186,Eulemur macaco,Pongo abelii,0.184391,0.0,100,24,197523272,411982055,39.84544899667991,40.533057862356024
187,Eulemur macaco,Papio anubis,0.156477,0.0,100,24,197523272,309537299,39.84544899667991,40.34269736216134
188,Eulemur macaco,Mandrillus leucophaeus,0.152439,0.0,100,24,197523272,290199623,39.84544899667991,35.73871811431402
189,Eulemur macaco,Macaca nemestrina,0.153062,0.0,100,24,197523272,301777315,39.84544899667991,38.95023271283116
190,Eulemur macaco,Nasalis larvatus,0.147802,0.0,100,24,197523272,242391166,39.84544899667991,31.457062330820754
191,Eulemur macaco,Colobus angolensis,0.153786,0.0,100,24,197523272,286649167,39.84544899667991,36.348927770522955
192,Eulemur macaco,Carlito syrichta,0.186851,0.0,100,24,197523272,405207229,39.84544899667991,39.53765480833894
193,Eulemur macaco,Chlorocebus sabaeus,0.159653,0.0,100,24,197523272,319942446,39.84544899667991,40.45298252515873
194,Aotus nancymaae,Callithrix jacchus,0.0949404,0.0,100,24,290371244,318596585,38.13125614956874,40.22019165548447
195,Aotus nancymaae,Nomascus leucogenys,0.110056,0.0,100,24,290371244,312920458,38.13125614956874,40.30296197476748
196,Aotus nancymaae,Pan paniscus,0.115855,0.0,100,24,290371244,347980533,38.13125614956874,39.584494024464064
197,Aotus nancymaae,Homo sapiens subsp. Denisova,0.115311,0.0,100,24,290371244,354740609,38.13125614956874,38.559771286613994
198,Aotus nancymaae,Pongo abelii,0.134484,0.0,100,24,290371244,411982055,38.13125614956874,40.533057862356024
199,Aotus nancymaae,Papio anubis,0.105263,0.0,100,24,290371244,309537299,38.13125614956874,40.34269736216134
200,Aotus nancymaae,Mandrillus leucophaeus,0.101852,0.0,100,24,290371244,290199623,38.13125614956874,35.73871811431402
201,Aotus nancymaae,Macaca nemestrina,0.102888,0.0,100,24,290371244,301777315,38.13125614956874,38.95023271283116
202,Aotus nancymaae,Nasalis larvatus,0.102346,0.0,100,24,290371244,242391166,38.13125614956874,31.457062330820754
203,Aotus nancymaae,Colobus angolensis,0.103146,0.0,100,24,290371244,286649167,38.13125614956874,36.348927770522955
204,Aotus nancymaae,Carlito syrichta,0.196871,0.0,100,24,290371244,405207229,38.13125614956874,39.53765480833894
205,Aotus nancymaae,Chlorocebus sabaeus,0.108765,0.0,100,24,290371244,319942446,38.13125614956874,40.45298252515873
206,Callithrix jacchus,Nomascus leucogenys,0.1272,0.0,100,24,318596585,312920458,40.22019165548447,40.30296197476748
207,Callithrix jacchus,Pan paniscus,0.132148,0.0,100,24,318596585,347980533,40.22019165548447,39.584494024464064
208,Callithrix jacchus,Homo sapiens subsp. Denisova,0.132065,0.0,100,24,318596585,354740609,40.22019165548447,38.559771286613994
209,Callithrix jacchus,Pongo abelii,0.149277,0.0,100,24,318596585,411982055,40.22019165548447,40.533057862356024
210,Callithrix jacchus,Papio anubis,0.122789,0.0,100,24,318596585,309537299,40.22019165548447,40.34269736216134
211,Callithrix jacchus,Mandrillus leucophaeus,0.119964,0.0,100,24,318596585,290199623,40.22019165548447,35.73871811431402
212,Callithrix jacchus,Macaca nemestrina,0.121701,0.0,100,24,318596585,301777315,40.22019165548447,38.95023271283116
213,Callithrix jacchus,Nasalis larvatus,0.120017,0.0,100,24,318596585,242391166,40.22019165548447,31.457062330820754
214,Callithrix jacchus,Colobus angolensis,0.120882,0.0,100,24,318596585,286649167,40.22019165548447,36.348927770522955
215,Callithrix jacchus,Carlito syrichta,0.2086,0.0,100,24,318596585,405207229,40.22019165548447,39.53765480833894
216,Callithrix jacchus,Chlorocebus sabaeus,0.125917,0.0,100,24,318596585,319942446,40.22019165548447,40.45298252515873
217,Nomascus leucogenys,Pan paniscus,0.0880331,0.0,100,24,312920458,347980533,40.30296197476748,39.584494024464064
218,Nomascus leucogenys,Homo sapiens subsp. Denisova,0.0869969,0.0,100,24,312920458,354740609,40.30296197476748,38.559771286613994
219,Nomascus leucogenys,Pongo abelii,0.108491,0.0,100,24,312920458,411982055,40.30296197476748,40.533057862356024
220,Nomascus leucogenys,Papio anubis,0.0896346,0.0,100,24,312920458,309537299,40.30296197476748,40.34269736216134
221,Nomascus leucogenys,Mandrillus leucophaeus,0.0892301,0.0,100,24,312920458,290199623,40.30296197476748,35.73871811431402
222,Nomascus leucogenys,Macaca nemestrina,0.0910876,0.0,100,24,312920458,301777315,40.30296197476748,38.95023271283116
223,Nomascus leucogenys,Nasalis larvatus,0.0926679,0.0,100,24,312920458,242391166,40.30296197476748,31.457062330820754
224,Nomascus leucogenys,Colobus angolensis,0.0911033,0.0,100,24,312920458,286649167,40.30296197476748,36.348927770522955
225,Nomascus leucogenys,Carlito syrichta,0.202295,0.0,100,24,312920458,405207229,40.30296197476748,39.53765480833894
226,Nomascus leucogenys,Chlorocebus sabaeus,0.0943094,0.0,100,24,312920458,319942446,40.30296197476748,40.45298252515873
227,Pan paniscus,Homo sapiens subsp. Denisova,0.0725476,0.0,100,24,347980533,354740609,39.584494024464064,38.559771286613994
228,Pan paniscus,Pongo abelii,0.109928,0.0,100,24,347980533,411982055,39.584494024464064,40.533057862356024
229,Pan paniscus,Papio anubis,0.0957924,0.0,100,24,347980533,309537299,39.584494024464064,40.34269736216134
230,Pan paniscus,Mandrillus leucophaeus,0.0949877,0.0,100,24,347980533,290199623,39.584494024464064,35.73871811431402
231,Pan paniscus,Macaca nemestrina,0.0976064,0.0,100,24,347980533,301777315,39.584494024464064,38.95023271283116
232,Pan paniscus,Nasalis larvatus,0.096886,0.0,100,24,347980533,242391166,39.584494024464064,31.457062330820754
233,Pan paniscus,Colobus angolensis,0.0970718,0.0,100,24,347980533,286649167,39.584494024464064,36.348927770522955
234,Pan paniscus,Carlito syrichta,0.207507,0.0,100,24,347980533,405207229,39.584494024464064,39.53765480833894
235,Pan paniscus,Chlorocebus sabaeus,0.101174,0.0,100,24,347980533,319942446,39.584494024464064,40.45298252515873
236,Homo sapiens subsp. Denisova,Pongo abelii,0.107558,0.0,100,24,354740609,411982055,38.559771286613994,40.533057862356024
237,Homo sapiens subsp. Denisova,Papio anubis,0.0942834,0.0,100,24,354740609,309537299,38.559771286613994,40.34269736216134
238,Homo sapiens subsp. Denisova,Mandrillus leucophaeus,0.0940193,0.0,100,24,354740609,290199623,38.559771286613994,35.73871811431402
239,Homo sapiens subsp. Denisova,Macaca nemestrina,0.0967301,0.0,100,24,354740609,301777315,38.559771286613994,38.95023271283116
240,Homo sapiens subsp. Denisova,Nasalis larvatus,0.0950239,0.0,100,24,354740609,242391166,38.559771286613994,31.457062330820754
241,Homo sapiens subsp. Denisova,Colobus angolensis,0.096009,0.0,100,24,354740609,286649167,38.559771286613994,36.348927770522955
242,Homo sapiens subsp. Denisova,Carlito syrichta,0.207926,0.0,100,24,354740609,405207229,38.559771286613994,39.53765480833894
243,Homo sapiens subsp. Denisova,Chlorocebus sabaeus,0.100521,0.0,100,24,354740609,319942446,38.559771286613994,40.45298252515873
244,Pongo abelii,Papio anubis,0.116506,0.0,100,24,411982055,309537299,40.533057862356024,40.34269736216134
245,Pongo abelii,Mandrillus leucophaeus,0.11546,0.0,100,24,411982055,290199623,40.533057862356024,35.73871811431402
246,Pongo abelii,Macaca nemestrina,0.11932,0.0,100,24,411982055,301777315,40.533057862356024,38.95023271283116
247,Pongo abelii,Nasalis larvatus,0.117266,0.0,100,24,411982055,242391166,40.533057862356024,31.457062330820754
248,Pongo abelii,Colobus angolensis,0.117235,0.0,100,24,411982055,286649167,40.533057862356024,36.348927770522955
249,Pongo abelii,Carlito syrichta,0.222679,0.0,100,24,411982055,405207229,40.533057862356024,39.53765480833894
250,Pongo abelii,Chlorocebus sabaeus,0.121103,0.0,100,24,411982055,319942446,40.533057862356024,40.45298252515873
251,Papio anubis,Mandrillus leucophaeus,0.063557,0.0,100,24,309537299,290199623,40.34269736216134,35.73871811431402
252,Papio anubis,Macaca nemestrina,0.0652038,0.0,100,24,309537299,301777315,40.34269736216134,38.95023271283116
253,Papio anubis,Nasalis larvatus,0.0752141,0.0,100,24,309537299,242391166,40.34269736216134,31.457062330820754
254,Papio anubis,Colobus angolensis,0.0721522,0.0,100,24,309537299,286649167,40.34269736216134,36.348927770522955
255,Papio anubis,Carlito syrichta,0.199084,0.0,100,24,309537299,405207229,40.34269736216134,39.53765480833894
256,Papio anubis,Chlorocebus sabaeus,0.070899,0.0,100,24,309537299,319942446,40.34269736216134,40.45298252515873
257,Mandrillus leucophaeus,Macaca nemestrina,0.0652307,0.0,100,24,290199623,301777315,35.73871811431402,38.95023271283116
258,Mandrillus leucophaeus,Nasalis larvatus,0.0741111,0.0,100,24,290199623,242391166,35.73871811431402,31.457062330820754
259,Mandrillus leucophaeus,Colobus angolensis,0.0697535,0.0,100,24,290199623,286649167,35.73871811431402,36.348927770522955
260,Mandrillus leucophaeus,Carlito syrichta,0.195594,0.0,100,24,290199623,405207229,35.73871811431402,39.53765480833894
261,Mandrillus leucophaeus,Chlorocebus sabaeus,0.0736471,0.0,100,24,290199623,319942446,35.73871811431402,40.45298252515873
262,Macaca nemestrina,Nasalis larvatus,0.0769999,0.0,100,24,301777315,242391166,38.95023271283116,31.457062330820754
263,Macaca nemestrina,Colobus angolensis,0.0719169,0.0,100,24,301777315,286649167,38.95023271283116,36.348927770522955
264,Macaca nemestrina,Carlito syrichta,0.196539,0.0,100,24,301777315,405207229,38.95023271283116,39.53765480833894
265,Macaca nemestrina,Chlorocebus sabaeus,0.0732203,0.0,100,24,301777315,319942446,38.95023271283116,40.45298252515873
266,Nasalis larvatus,Colobus angolensis,0.0722575,0.0,100,24,242391166,286649167,31.457062330820754,36.348927770522955
267,Nasalis larvatus,Carlito syrichta,0.191121,0.0,100,24,242391166,405207229,31.457062330820754,39.53765480833894
268,Nasalis larvatus,Chlorocebus sabaeus,0.0805352,0.0,100,24,242391166,319942446,31.457062330820754,40.45298252515873
269,Colobus angolensis,Carlito syrichta,0.196224,0.0,100,24,286649167,405207229,36.348927770522955,39.53765480833894
270,Colobus angolensis,Chlorocebus sabaeus,0.0780427,0.0,100,24,286649167,319942446,36.348927770522955,40.45298252515873
271,Carlito syrichta,Chlorocebus sabaeus,0.201819,0.0,100,24,405207229,319942446,39.53765480833894,40.45298252515873
272,Galeopterus variegatus,Otolemur garnettii,0.247343,3.9075,25,24,206022130,141142334,34.76677460178301,38.013368451217595
273,Galeopterus variegatus,Daubentonia madagascariensis,0.20353,3.9075,25,24,206022130,150228105,34.76677460178301,39.39099517069151
274,Galeopterus variegatus,Eulemur macaco,0.197809,3.9075,25,24,206022130,106144387,34.76677460178301,39.84544899667991
275,Galeopterus variegatus,Aotus nancymaae,0.236066,3.9075,25,24,206022130,174987060,34.76677460178301,38.13125614956874
276,Galeopterus variegatus,Callithrix jacchus,0.254654,3.9075,25,24,206022130,213482473,34.76677460178301,40.22019165548447
277,Galeopterus variegatus,Nomascus leucogenys,0.240873,3.9075,25,24,206022130,199464351,34.76677460178301,40.30296197476748
278,Galeopterus variegatus,Pan paniscus,0.247246,3.9075,25,24,206022130,230633246,34.76677460178301,39.584494024464064
279,Galeopterus variegatus,Homo sapiens subsp. Denisova,0.244867,3.9075,25,24,206022130,268387513,34.76677460178301,38.559771286613994
280,Galeopterus variegatus,Pongo abelii,0.264895,3.9075,25,24,206022130,285382120,34.76677460178301,40.533057862356024
281,Galeopterus variegatus,Papio anubis,0.236062,3.9075,25,24,206022130,195356563,34.76677460178301,40.34269736216134
282,Galeopterus variegatus,Mandrillus leucophaeus,0.230585,3.9075,25,24,206022130,178050827,34.76677460178301,35.73871811431402
283,Galeopterus variegatus,Macaca nemestrina,0.231759,3.9075,25,24,206022130,183992624,34.76677460178301,38.95023271283116
284,Galeopterus variegatus,Nasalis larvatus,0.224036,3.9075,25,24,206022130,145280263,34.76677460178301,31.457062330820754
285,Galeopterus variegatus,Colobus angolensis,0.232933,3.9075,25,24,206022130,173441283,34.76677460178301,36.348927770522955
286,Galeopterus variegatus,Carlito syrichta,0.270227,3.9075,25,24,206022130,341382518,34.76677460178301,39.53765480833894
287,Galeopterus variegatus,Chlorocebus sabaeus,0.240324,3.9075,25,24,206022130,205035733,34.76677460178301,40.45298252515873
288,Otolemur garnettii,Daubentonia madagascariensis,0.209688,3.9075,25,24,141142334,150228105,38.013368451217595,39.39099517069151
289,Otolemur garnettii,Eulemur macaco,0.189725,3.9075,25,24,141142334,106144387,38.013368451217595,39.84544899667991
290,Otolemur garnettii,Aotus nancymaae,0.22948,3.9075,25,24,141142334,174987060,38.013368451217595,38.13125614956874
291,Otolemur garnettii,Callithrix jacchus,0.245375,3.9075,25,24,141142334,213482473,38.013368451217595,40.22019165548447
292,Otolemur garnettii,Nomascus leucogenys,0.239427,3.9075,25,24,141142334,199464351,38.013368451217595,40.30296197476748
293,Otolemur garnettii,Pan paniscus,0.246024,3.9075,25,24,141142334,230633246,38.013368451217595,39.584494024464064
294,Otolemur garnettii,Homo sapiens subsp. Denisova,0.246186,3.9075,25,24,141142334,268387513,38.013368451217595,38.559771286613994
295,Otolemur garnettii,Pongo abelii,0.263552,3.9075,25,24,141142334,285382120,38.013368451217595,40.533057862356024
296,Otolemur garnettii,Papio anubis,0.23393,3.9075,25,24,141142334,195356563,38.013368451217595,40.34269736216134
297,Otolemur garnettii,Mandrillus leucophaeus,0.228478,3.9075,25,24,141142334,178050827,38.013368451217595,35.73871811431402
298,Otolemur garnettii,Macaca nemestrina,0.229171,3.9075,25,24,141142334,183992624,38.013368451217595,38.95023271283116
299,Otolemur garnettii,Nasalis larvatus,0.220554,3.9075,25,24,141142334,145280263,38.013368451217595,31.457062330820754
300,Otolemur garnettii,Colobus angolensis,0.229315,3.9075,25,24,141142334,173441283,38.013368451217595,36.348927770522955
301,Otolemur garnettii,Carlito syrichta,0.265127,3.9075,25,24,141142334,341382518,38.013368451217595,39.53765480833894
302,Otolemur garnettii,Chlorocebus sabaeus,0.237443,3.9075,25,24,141142334,205035733,38.013368451217595,40.45298252515873
303,Daubentonia madagascariensis,Eulemur macaco,0.123557,3.9075,25,24,150228105,106144387,39.39099517069151,39.84544899667991
304,Daubentonia madagascariensis,Aotus nancymaae,0.203663,3.9075,25,24,150228105,174987060,39.39099517069151,38.13125614956874
305,Daubentonia madagascariensis,Callithrix jacchus,0.223687,3.9075,25,24,150228105,213482473,39.39099517069151,40.22019165548447
306,Daubentonia madagascariensis,Nomascus leucogenys,0.20584,3.9075,25,24,150228105,199464351,39.39099517069151,40.30296197476748
307,Daubentonia madagascariensis,Pan paniscus,0.211554,3.9075,25,24,150228105,230633246,39.39099517069151,39.584494024464064
308,Daubentonia madagascariensis,Homo sapiens subsp. Denisova,0.209454,3.9075,25,24,150228105,268387513,39.39099517069151,38.559771286613994
309,Daubentonia madagascariensis,Pongo abelii,0.228705,3.9075,25,24,150228105,285382120,39.39099517069151,40.533057862356024
310,Daubentonia madagascariensis,Papio anubis,0.202095,3.9075,25,24,150228105,195356563,39.39099517069151,40.34269736216134
311,Daubentonia madagascariensis,Mandrillus leucophaeus,0.196509,3.9075,25,24,150228105,178050827,39.39099517069151,35.73871811431402
312,Daubentonia madagascariensis,Macaca nemestrina,0.197973,3.9075,25,24,150228105,183992624,39.39099517069151,38.95023271283116
313,Daubentonia madagascariensis,Nasalis larvatus,0.19038,3.9075,25,24,150228105,145280263,39.39099517069151,31.457062330820754
314,Daubentonia madagascariensis,Colobus angolensis,0.198818,3.9075,25,24,150228105,173441283,39.39099517069151,36.348927770522955
315,Daubentonia madagascariensis,Carlito syrichta,0.239235,3.9075,25,24,150228105,341382518,39.39099517069151,39.53765480833894
316,Daubentonia madagascariensis,Chlorocebus sabaeus,0.206435,3.9075,25,24,150228105,205035733,39.39099517069151,40.45298252515873
317,Eulemur macaco,Aotus nancymaae,0.190864,3.9075,25,24,106144387,174987060,39.84544899667991,38.13125614956874
318,Eulemur macaco,Callithrix jacchus,0.209879,3.9075,25,24,106144387,213482473,39.84544899667991,40.22019165548447
319,Eulemur macaco,Nomascus leucogenys,0.195878,3.9075,25,24,106144387,199464351,39.84544899667991,40.30296197476748
320,Eulemur macaco,Pan paniscus,0.201764,3.9075,25,24,106144387,230633246,39.84544899667991,39.584494024464064
321,Eulemur macaco,Homo sapiens subsp. Denisova,0.200187,3.9075,25,24,106144387,268387513,39.84544899667991,38.559771286613994
322,Eulemur macaco,Pongo abelii,0.219333,3.9075,25,24,106144387,285382120,39.84544899667991,40.533057862356024
323,Eulemur macaco,Papio anubis,0.191866,3.9075,25,24,106144387,195356563,39.84544899667991,40.34269736216134
324,Eulemur macaco,Mandrillus leucophaeus,0.185978,3.9075,25,24,106144387,178050827,39.84544899667991,35.73871811431402
325,Eulemur macaco,Macaca nemestrina,0.187249,3.9075,25,24,106144387,183992624,39.84544899667991,38.95023271283116
326,Eulemur macaco,Nasalis larvatus,0.178889,3.9075,25,24,106144387,145280263,39.84544899667991,31.457062330820754
327,Eulemur macaco,Colobus angolensis,0.187913,3.9075,25,24,106144387,173441283,39.84544899667991,36.348927770522955
328,Eulemur macaco,Carlito syrichta,0.225854,3.9075,25,24,106144387,341382518,39.84544899667991,39.53765480833894
329,Eulemur macaco,Chlorocebus sabaeus,0.195565,3.9075,25,24,106144387,205035733,39.84544899667991,40.45298252515873
330,Aotus nancymaae,Callithrix jacchus,0.120313,3.9075,25,24,174987060,213482473,38.13125614956874,40.22019165548447
331,Aotus nancymaae,Nomascus leucogenys,0.137961,3.9075,25,24,174987060,199464351,38.13125614956874,40.30296197476748
332,Aotus nancymaae,Pan paniscus,0.14576,3.9075,25,24,174987060,230633246,38.13125614956874,39.584494024464064
333,Aotus nancymaae,Homo sapiens subsp. Denisova,0.145585,3.9075,25,24,174987060,268387513,38.13125614956874,38.559771286613994
334,Aotus nancymaae,Pongo abelii,0.167338,3.9075,25,24,174987060,285382120,38.13125614956874,40.533057862356024
335,Aotus nancymaae,Papio anubis,0.13144,3.9075,25,24,174987060,195356563,38.13125614956874,40.34269736216134
336,Aotus nancymaae,Mandrillus leucophaeus,0.125895,3.9075,25,24,174987060,178050827,38.13125614956874,35.73871811431402
337,Aotus nancymaae,Macaca nemestrina,0.127365,3.9075,25,24,174987060,183992624,38.13125614956874,38.95023271283116
338,Aotus nancymaae,Nasalis larvatus,0.125283,3.9075,25,24,174987060,145280263,38.13125614956874,31.457062330820754
339,Aotus nancymaae,Colobus angolensis,0.127654,3.9075,25,24,174987060,173441283,38.13125614956874,36.348927770522955
340,Aotus nancymaae,Carlito syrichta,0.245603,3.9075,25,24,174987060,341382518,38.13125614956874,39.53765480833894
341,Aotus nancymaae,Chlorocebus sabaeus,0.136027,3.9075,25,24,174987060,205035733,38.13125614956874,40.45298252515873
342,Callithrix jacchus,Nomascus leucogenys,0.162367,3.9075,25,24,213482473,199464351,40.22019165548447,40.30296197476748
343,Callithrix jacchus,Pan paniscus,0.170306,3.9075,25,24,213482473,230633246,40.22019165548447,39.584494024464064
344,Callithrix jacchus,Homo sapiens subsp. Denisova,0.170875,3.9075,25,24,213482473,268387513,40.22019165548447,38.559771286613994
345,Callithrix jacchus,Pongo abelii,0.191731,3.9075,25,24,213482473,285382120,40.22019165548447,40.533057862356024
346,Callithrix jacchus,Papio anubis,0.155649,3.9075,25,24,213482473,195356563,40.22019165548447,40.34269736216134
347,Callithrix jacchus,Mandrillus leucophaeus,0.150963,3.9075,25,24,213482473,178050827,40.22019165548447,35.73871811431402
348,Callithrix jacchus,Macaca nemestrina,0.153044,3.9075,25,24,213482473,183992624,40.22019165548447,38.95023271283116
349,Callithrix jacchus,Nasalis larvatus,0.149654,3.9075,25,24,213482473,145280263,40.22019165548447,31.457062330820754
350,Callithrix jacchus,Colobus angolensis,0.152444,3.9075,25,24,213482473,173441283,40.22019165548447,36.348927770522955
351,Callithrix jacchus,Carlito syrichta,0.263901,3.9075,25,24,213482473,341382518,40.22019165548447,39.53765480833894
352,Callithrix jacchus,Chlorocebus sabaeus,0.160308,3.9075,25,24,213482473,205035733,40.22019165548447,40.45298252515873
353,Nomascus leucogenys,Pan paniscus,0.115175,3.9075,25,24,199464351,230633246,40.30296197476748,39.584494024464064
354,Nomascus leucogenys,Homo sapiens subsp. Denisova,0.114721,3.9075,25,24,199464351,268387513,40.30296197476748,38.559771286613994
355,Nomascus leucogenys,Pongo abelii,0.141069,3.9075,25,24,199464351,285382120,40.30296197476748,40.533057862356024
356,Nomascus leucogenys,Papio anubis,0.114673,3.9075,25,24,199464351,195356563,40.30296197476748,40.34269736216134
357,Nomascus leucogenys,Mandrillus leucophaeus,0.113409,3.9075,25,24,199464351,178050827,40.30296197476748,35.73871811431402
358,Nomascus leucogenys,Macaca nemestrina,0.115686,3.9075,25,24,199464351,183992624,40.30296197476748,38.95023271283116
359,Nomascus leucogenys,Nasalis larvatus,0.115123,3.9075,25,24,199464351,145280263,40.30296197476748,31.457062330820754
360,Nomascus leucogenys,Colobus angolensis,0.115891,3.9075,25,24,199464351,173441283,40.30296197476748,36.348927770522955
361,Nomascus leucogenys,Carlito syrichta,0.253166,3.9075,25,24,199464351,341382518,40.30296197476748,39.53765480833894
362,Nomascus leucogenys,Chlorocebus sabaeus,0.121231,3.9075,25,24,199464351,205035733,40.30296197476748,40.45298252515873
363,Pan paniscus,Homo sapiens subsp. Denisova,0.0974575,3.9075,25,24,230633246,268387513,39.584494024464064,38.559771286613994
364,Pan paniscus,Pongo abelii,0.144734,3.9075,25,24,230633246,285382120,39.584494024464064,40.533057862356024
365,Pan paniscus,Papio anubis,0.122436,3.9075,25,24,230633246,195356563,39.584494024464064,40.34269736216134
366,Pan paniscus,Mandrillus leucophaeus,0.120538,3.9075,25,24,230633246,178050827,39.584494024464064,35.73871811431402
367,Pan paniscus,Macaca nemestrina,0.123504,3.9075,25,24,230633246,183992624,39.584494024464064,38.95023271283116
368,Pan paniscus,Nasalis larvatus,0.120225,3.9075,25,24,230633246,145280263,39.584494024464064,31.457062330820754
369,Pan paniscus,Colobus angolensis,0.123365,3.9075,25,24,230633246,173441283,39.584494024464064,36.348927770522955
370,Pan paniscus,Carlito syrichta,0.260835,3.9075,25,24,230633246,341382518,39.584494024464064,39.53765480833894
371,Pan paniscus,Chlorocebus sabaeus,0.130102,3.9075,25,24,230633246,205035733,39.584494024464064,40.45298252515873
372,Homo sapiens subsp. Denisova,Pongo abelii,0.143631,3.9075,25,24,268387513,285382120,38.559771286613994,40.533057862356024
373,Homo sapiens subsp. Denisova,Papio anubis,0.121272,3.9075,25,24,268387513,195356563,38.559771286613994,40.34269736216134
374,Homo sapiens subsp. Denisova,Mandrillus leucophaeus,0.119939,3.9075,25,24,268387513,178050827,38.559771286613994,35.73871811431402
375,Homo sapiens subsp. Denisova,Macaca nemestrina,0.12294,3.9075,25,24,268387513,183992624,38.559771286613994,38.95023271283116
376,Homo sapiens subsp. Denisova,Nasalis larvatus,0.118676,3.9075,25,24,268387513,145280263,38.559771286613994,31.457062330820754
377,Homo sapiens subsp. Denisova,Colobus angolensis,0.122767,3.9075,25,24,268387513,173441283,38.559771286613994,36.348927770522955
378,Homo sapiens subsp. Denisova,Carlito syrichta,0.260945,3.9075,25,24,268387513,341382518,38.559771286613994,39.53765480833894
379,Homo sapiens subsp. Denisova,Chlorocebus sabaeus,0.130063,3.9075,25,24,268387513,205035733,38.559771286613994,40.45298252515873
380,Pongo abelii,Papio anubis,0.146839,3.9075,25,24,285382120,195356563,40.533057862356024,40.34269736216134
381,Pongo abelii,Mandrillus leucophaeus,0.144628,3.9075,25,24,285382120,178050827,40.533057862356024,35.73871811431402
382,Pongo abelii,Macaca nemestrina,0.148729,3.9075,25,24,285382120,183992624,40.533057862356024,38.95023271283116
383,Pongo abelii,Nasalis larvatus,0.14322,3.9075,25,24,285382120,145280263,40.533057862356024,31.457062330820754
384,Pongo abelii,Colobus angolensis,0.147691,3.9075,25,24,285382120,173441283,40.533057862356024,36.348927770522955
385,Pongo abelii,Carlito syrichta,0.279073,3.9075,25,24,285382120,341382518,40.533057862356024,39.53765480833894
386,Pongo abelii,Chlorocebus sabaeus,0.154518,3.9075,25,24,285382120,205035733,40.533057862356024,40.45298252515873
387,Papio anubis,Mandrillus leucophaeus,0.0820175,3.9075,25,24,195356563,178050827,40.34269736216134,35.73871811431402
388,Papio anubis,Macaca nemestrina,0.0831362,3.9075,25,24,195356563,183992624,40.34269736216134,38.95023271283116
389,Papio anubis,Nasalis larvatus,0.0947507,3.9075,25,24,195356563,145280263,40.34269736216134,31.457062330820754
390,Papio anubis,Colobus angolensis,0.0922867,3.9075,25,24,195356563,173441283,40.34269736216134,36.348927770522955
391,Papio anubis,Carlito syrichta,0.248372,3.9075,25,24,195356563,341382518,40.34269736216134,39.53765480833894
392,Papio anubis,Chlorocebus sabaeus,0.0914376,3.9075,25,24,195356563,205035733,40.34269736216134,40.45298252515873
393,Mandrillus leucophaeus,Macaca nemestrina,0.0827226,3.9075,25,24,178050827,183992624,35.73871811431402,38.95023271283116
394,Mandrillus leucophaeus,Nasalis larvatus,0.0911989,3.9075,25,24,178050827,145280263,35.73871811431402,31.457062330820754
395,Mandrillus leucophaeus,Colobus angolensis,0.0877164,3.9075,25,24,178050827,173441283,35.73871811431402,36.348927770522955
396,Mandrillus leucophaeus,Carlito syrichta,0.242927,3.9075,25,24,178050827,341382518,35.73871811431402,39.53765480833894
397,Mandrillus leucophaeus,Chlorocebus sabaeus,0.0955429,3.9075,25,24,178050827,205035733,35.73871811431402,40.45298252515873
398,Macaca nemestrina,Nasalis larvatus,0.0949689,3.9075,25,24,183992624,145280263,38.95023271283116,31.457062330820754
399,Macaca nemestrina,Colobus angolensis,0.0906711,3.9075,25,24,183992624,173441283,38.95023271283116,36.348927770522955
400,Macaca nemestrina,Carlito syrichta,0.244205,3.9075,25,24,183992624,341382518,38.95023271283116,39.53765480833894
401,Macaca nemestrina,Chlorocebus sabaeus,0.0940531,3.9075,25,24,183992624,205035733,38.95023271283116,40.45298252515873
402,Nasalis larvatus,Colobus angolensis,0.0901988,3.9075,25,24,145280263,173441283,31.457062330820754,36.348927770522955
403,Nasalis larvatus,Carlito syrichta,0.23659,3.9075,25,24,145280263,341382518,31.457062330820754,39.53765480833894
404,Nasalis larvatus,Chlorocebus sabaeus,0.101319,3.9075,25,24,145280263,205035733,31.457062330820754,40.45298252515873
405,Colobus angolensis,Carlito syrichta,0.244406,3.9075,25,24,173441283,341382518,36.348927770522955,39.53765480833894
406,Colobus angolensis,Chlorocebus sabaeus,0.0999127,3.9075,25,24,173441283,205035733,36.348927770522955,40.45298252515873
407,Carlito syrichta,Chlorocebus sabaeus,0.25275,3.9075,25,24,341382518,205035733,39.53765480833894,40.45298252515873
408,Galeopterus variegatus,Otolemur garnettii,0.227395,3.9075,100,24,103519636,74667299,34.76677460178301,38.013368451217595
409,Galeopterus variegatus,Daubentonia madagascariensis,0.183603,3.9075,100,24,103519636,79709306,34.76677460178301,39.39099517069151
410,Galeopterus variegatus,Eulemur macaco,0.178785,3.9075,100,24,103519636,58151817,34.76677460178301,39.84544899667991
411,Galeopterus variegatus,Aotus nancymaae,0.216684,3.9075,100,24,103519636,90633091,34.76677460178301,38.13125614956874
412,Galeopterus variegatus,Callithrix jacchus,0.235099,3.9075,100,24,103519636,106358095,34.76677460178301,40.22019165548447
413,Galeopterus variegatus,Nomascus leucogenys,0.221945,3.9075,100,24,103519636,101468686,34.76677460178301,40.30296197476748
414,Galeopterus variegatus,Pan paniscus,0.227678,3.9075,100,24,103519636,116171278,34.76677460178301,39.584494024464064
415,Galeopterus variegatus,Homo sapiens subsp. Denisova,0.223553,3.9075,100,24,103519636,126054884,34.76677460178301,38.559771286613994
416,Galeopterus variegatus,Pongo abelii,0.246761,3.9075,100,24,103519636,140435854,34.76677460178301,40.533057862356024
417,Galeopterus variegatus,Papio anubis,0.216549,3.9075,100,24,103519636,99933254,34.76677460178301,40.34269736216134
418,Galeopterus variegatus,Mandrillus leucophaeus,0.210681,3.9075,100,24,103519636,92203130,34.76677460178301,35.73871811431402
419,Galeopterus variegatus,Macaca nemestrina,0.212051,3.9075,100,24,103519636,95932474,34.76677460178301,38.95023271283116
420,Galeopterus variegatus,Nasalis larvatus,0.20431,3.9075,100,24,103519636,75435825,34.76677460178301,31.457062330820754
421,Galeopterus variegatus,Colobus angolensis,0.213119,3.9075,100,24,103519636,90501763,34.76677460178301,36.348927770522955
422,Galeopterus variegatus,Carlito syrichta,0.246498,3.9075,100,24,103519636,157176205,34.76677460178301,39.53765480833894
423,Galeopterus variegatus,Chlorocebus sabaeus,0.22078,3.9075,100,24,103519636,104394481,34.76677460178301,40.45298252515873
424,Otolemur garnettii,Daubentonia madagascariensis,0.192487,3.9075,100,24,74667299,79709306,38.013368451217595,39.39099517069151
425,Otolemur garnettii,Eulemur macaco,0.17215,3.9075,100,24,74667299,58151817,38.013368451217595,39.84544899667991
426,Otolemur garnettii,Aotus nancymaae,0.210936,3.9075,100,24,74667299,90633091,38.013368451217595,38.13125614956874
427,Otolemur garnettii,Callithrix jacchus,0.226854,3.9075,100,24,74667299,106358095,38.013368451217595,40.22019165548447
428,Otolemur garnettii,Nomascus leucogenys,0.221731,3.9075,100,24,74667299,101468686,38.013368451217595,40.30296197476748
429,Otolemur garnettii,Pan paniscus,0.227915,3.9075,100,24,74667299,116171278,38.013368451217595,39.584494024464064
430,Otolemur garnettii,Homo sapiens subsp. Denisova,0.226166,3.9075,100,24,74667299,126054884,38.013368451217595,38.559771286613994
431,Otolemur garnettii,Pongo abelii,0.24654,3.9075,100,24,74667299,140435854,38.013368451217595,40.533057862356024
432,Otolemur garnettii,Papio anubis,0.215639,3.9075,100,24,74667299,99933254,38.013368451217595,40.34269736216134
433,Otolemur garnettii,Mandrillus leucophaeus,0.209612,3.9075,100,24,74667299,92203130,38.013368451217595,35.73871811431402
434,Otolemur garnettii,Macaca nemestrina,0.210659,3.9075,100,24,74667299,95932474,38.013368451217595,38.95023271283116
435,Otolemur garnettii,Nasalis larvatus,0.201626,3.9075,100,24,74667299,75435825,38.013368451217595,31.457062330820754
436,Otolemur garnettii,Colobus angolensis,0.210639,3.9075,100,24,74667299,90501763,38.013368451217595,36.348927770522955
437,Otolemur garnettii,Carlito syrichta,0.243144,3.9075,100,24,74667299,157176205,38.013368451217595,39.53765480833894
438,Otolemur garnettii,Chlorocebus sabaeus,0.219135,3.9075,100,24,74667299,104394481,38.013368451217595,40.45298252515873
439,Daubentonia madagascariensis,Eulemur macaco,0.103977,3.9075,100,24,79709306,58151817,39.39099517069151,39.84544899667991
440,Daubentonia madagascariensis,Aotus nancymaae,0.18523,3.9075,100,24,79709306,90633091,39.39099517069151,38.13125614956874
441,Daubentonia madagascariensis,Callithrix jacchus,0.205843,3.9075,100,24,79709306,106358095,39.39099517069151,40.22019165548447
442,Daubentonia madagascariensis,Nomascus leucogenys,0.188408,3.9075,100,24,79709306,101468686,39.39099517069151,40.30296197476748
443,Daubentonia madagascariensis,Pan paniscus,0.194153,3.9075,100,24,79709306,116171278,39.39099517069151,39.584494024464064
444,Daubentonia madagascariensis,Homo sapiens subsp. Denisova,0.190193,3.9075,100,24,79709306,126054884,39.39099517069151,38.559771286613994
445,Daubentonia madagascariensis,Pongo abelii,0.212806,3.9075,100,24,79709306,140435854,39.39099517069151,40.533057862356024
446,Daubentonia madagascariensis,Papio anubis,0.18394,3.9075,100,24,79709306,99933254,39.39099517069151,40.34269736216134
447,Daubentonia madagascariensis,Mandrillus leucophaeus,0.177813,3.9075,100,24,79709306,92203130,39.39099517069151,35.73871811431402
448,Daubentonia madagascariensis,Macaca nemestrina,0.179121,3.9075,100,24,79709306,95932474,39.39099517069151,38.95023271283116
449,Daubentonia madagascariensis,Nasalis larvatus,0.171471,3.9075,100,24,79709306,75435825,39.39099517069151,31.457062330820754
450,Daubentonia madagascariensis,Colobus angolensis,0.180216,3.9075,100,24,79709306,90501763,39.39099517069151,36.348927770522955
451,Daubentonia madagascariensis,Carlito syrichta,0.218252,3.9075,100,24,79709306,157176205,39.39099517069151,39.53765480833894
452,Daubentonia madagascariensis,Chlorocebus sabaeus,0.188421,3.9075,100,24,79709306,104394481,39.39099517069151,40.45298252515873
453,Eulemur macaco,Aotus nancymaae,0.172117,3.9075,100,24,58151817,90633091,39.84544899667991,38.13125614956874
454,Eulemur macaco,Callithrix jacchus,0.192019,3.9075,100,24,58151817,106358095,39.84544899667991,40.22019165548447
455,Eulemur macaco,Nomascus leucogenys,0.178356,3.9075,100,24,58151817,101468686,39.84544899667991,40.30296197476748
456,Eulemur macaco,Pan paniscus,0.184343,3.9075,100,24,58151817,116171278,39.84544899667991,39.584494024464064
457,Eulemur macaco,Homo sapiens subsp. Denisova,0.181072,3.9075,100,24,58151817,126054884,39.84544899667991,38.559771286613994
458,Eulemur macaco,Pongo abelii,0.20363,3.9075,100,24,58151817,140435854,39.84544899667991,40.533057862356024
459,Eulemur macaco,Papio anubis,0.173367,3.9075,100,24,58151817,99933254,39.84544899667991,40.34269736216134
460,Eulemur macaco,Mandrillus leucophaeus,0.166799,3.9075,100,24,58151817,92203130,39.84544899667991,35.73871811431402
461,Eulemur macaco,Macaca nemestrina,0.168057,3.9075,100,24,58151817,95932474,39.84544899667991,38.95023271283116
462,Eulemur macaco,Nasalis larvatus,0.15953,3.9075,100,24,58151817,75435825,39.84544899667991,31.457062330820754
463,Eulemur macaco,Colobus angolensis,0.168911,3.9075,100,24,58151817,90501763,39.84544899667991,36.348927770522955
464,Eulemur macaco,Carlito syrichta,0.205354,3.9075,100,24,58151817,157176205,39.84544899667991,39.53765480833894
465,Eulemur macaco,Chlorocebus sabaeus,0.177413,3.9075,100,24,58151817,104394481,39.84544899667991,40.45298252515873
466,Aotus nancymaae,Callithrix jacchus,0.100066,3.9075,100,24,90633091,106358095,38.13125614956874,40.22019165548447
467,Aotus nancymaae,Nomascus leucogenys,0.118312,3.9075,100,24,90633091,101468686,38.13125614956874,40.30296197476748
468,Aotus nancymaae,Pan paniscus,0.12656,3.9075,100,24,90633091,116171278,38.13125614956874,39.584494024464064
469,Aotus nancymaae,Homo sapiens subsp. Denisova,0.123555,3.9075,100,24,90633091,126054884,38.13125614956874,38.559771286613994
470,Aotus nancymaae,Pongo abelii,0.151519,3.9075,100,24,90633091,140435854,38.13125614956874,40.533057862356024
471,Aotus nancymaae,Papio anubis,0.110178,3.9075,100,24,90633091,99933254,38.13125614956874,40.34269736216134
472,Aotus nancymaae,Mandrillus leucophaeus,0.103719,3.9075,100,24,90633091,92203130,38.13125614956874,35.73871811431402
473,Aotus nancymaae,Macaca nemestrina,0.10573,3.9075,100,24,90633091,95932474,38.13125614956874,38.95023271283116
474,Aotus nancymaae,Nasalis larvatus,0.102794,3.9075,100,24,90633091,75435825,38.13125614956874,31.457062330820754
475,Aotus nancymaae,Colobus angolensis,0.106114,3.9075,100,24,90633091,90501763,38.13125614956874,36.348927770522955
476,Aotus nancymaae,Carlito syrichta,0.223334,3.9075,100,24,90633091,157176205,38.13125614956874,39.53765480833894
477,Aotus nancymaae,Chlorocebus sabaeus,0.115621,3.9075,100,24,90633091,104394481,38.13125614956874,40.45298252515873
478,Callithrix jacchus,Nomascus leucogenys,0.144102,3.9075,100,24,106358095,101468686,40.22019165548447,40.30296197476748
479,Callithrix jacchus,Pan paniscus,0.152286,3.9075,100,24,106358095,116171278,40.22019165548447,39.584494024464064
480,Callithrix jacchus,Homo sapiens subsp. Denisova,0.149752,3.9075,100,24,106358095,126054884,40.22019165548447,38.559771286613994
481,Callithrix jacchus,Pongo abelii,0.175722,3.9075,100,24,106358095,140435854,40.22019165548447,40.533057862356024
482,Callithrix jacchus,Papio anubis,0.136457,3.9075,100,24,106358095,99933254,40.22019165548447,40.34269736216134
483,Callithrix jacchus,Mandrillus leucophaeus,0.131436,3.9075,100,24,106358095,92203130,40.22019165548447,35.73871811431402
484,Callithrix jacchus,Macaca nemestrina,0.133811,3.9075,100,24,106358095,95932474,40.22019165548447,38.95023271283116
485,Callithrix jacchus,Nasalis larvatus,0.129787,3.9075,100,24,106358095,75435825,40.22019165548447,31.457062330820754
486,Callithrix jacchus,Colobus angolensis,0.133135,3.9075,100,24,106358095,90501763,40.22019165548447,36.348927770522955
487,Callithrix jacchus,Carlito syrichta,0.24064,3.9075,100,24,106358095,157176205,40.22019165548447,39.53765480833894
488,Callithrix jacchus,Chlorocebus sabaeus,0.141376,3.9075,100,24,106358095,104394481,40.22019165548447,40.45298252515873
489,Nomascus leucogenys,Pan paniscus,0.0964197,3.9075,100,24,101468686,116171278,40.30296197476748,39.584494024464064
490,Nomascus leucogenys,Homo sapiens subsp. Denisova,0.0930014,3.9075,100,24,101468686,126054884,40.30296197476748,38.559771286613994
491,Nomascus leucogenys,Pongo abelii,0.125797,3.9075,100,24,101468686,140435854,40.30296197476748,40.533057862356024
492,Nomascus leucogenys,Papio anubis,0.0941179,3.9075,100,24,101468686,99933254,40.30296197476748,40.34269736216134
493,Nomascus leucogenys,Mandrillus leucophaeus,0.0923607,3.9075,100,24,101468686,92203130,40.30296197476748,35.73871811431402
494,Nomascus leucogenys,Macaca nemestrina,0.0950473,3.9075,100,24,101468686,95932474,40.30296197476748,38.95023271283116
495,Nomascus leucogenys,Nasalis larvatus,0.0939873,3.9075,100,24,101468686,75435825,40.30296197476748,31.457062330820754
496,Nomascus leucogenys,Colobus angolensis,0.0951986,3.9075,100,24,101468686,90501763,40.30296197476748,36.348927770522955
497,Nomascus leucogenys,Carlito syrichta,0.23114,3.9075,100,24,101468686,157176205,40.30296197476748,39.53765480833894
498,Nomascus leucogenys,Chlorocebus sabaeus,0.101718,3.9075,100,24,101468686,104394481,40.30296197476748,40.45298252515873
499,Pan paniscus,Homo sapiens subsp. Denisova,0.0837292,3.9075,100,24,116171278,126054884,39.584494024464064,38.559771286613994
500,Pan paniscus,Pongo abelii,0.131196,3.9075,100,24,116171278,140435854,39.584494024464064,40.533057862356024
501,Pan paniscus,Papio anubis,0.103339,3.9075,100,24,116171278,99933254,39.584494024464064,40.34269736216134
502,Pan paniscus,Mandrillus leucophaeus,0.100943,3.9075,100,24,116171278,92203130,39.584494024464064,35.73871811431402
503,Pan paniscus,Macaca nemestrina,0.104257,3.9075,100,24,116171278,95932474,39.584494024464064,38.95023271283116
504,Pan paniscus,Nasalis larvatus,0.101051,3.9075,100,24,116171278,75435825,39.584494024464064,31.457062330820754
505,Pan paniscus,Colobus angolensis,0.104164,3.9075,100,24,116171278,90501763,39.584494024464064,36.348927770522955
506,Pan paniscus,Carlito syrichta,0.23796,3.9075,100,24,116171278,157176205,39.584494024464064,39.53765480833894
507,Pan paniscus,Chlorocebus sabaeus,0.11161,3.9075,100,24,116171278,104394481,39.584494024464064,40.45298252515873
508,Homo sapiens subsp. Denisova,Pongo abelii,0.127904,3.9075,100,24,126054884,140435854,38.559771286613994,40.533057862356024
509,Homo sapiens subsp. Denisova,Papio anubis,0.0990217,3.9075,100,24,126054884,99933254,38.559771286613994,40.34269736216134
510,Homo sapiens subsp. Denisova,Mandrillus leucophaeus,0.0970852,3.9075,100,24,126054884,92203130,38.559771286613994,35.73871811431402
511,Homo sapiens subsp. Denisova,Macaca nemestrina,0.100483,3.9075,100,24,126054884,95932474,38.559771286613994,38.95023271283116
512,Homo sapiens subsp. Denisova,Nasalis larvatus,0.0968554,3.9075,100,24,126054884,75435825,38.559771286613994,31.457062330820754
513,Homo sapiens subsp. Denisova,Colobus angolensis,0.100516,3.9075,100,24,126054884,90501763,38.559771286613994,36.348927770522955
514,Homo sapiens subsp. Denisova,Carlito syrichta,0.235883,3.9075,100,24,126054884,157176205,38.559771286613994,39.53765480833894
515,Homo sapiens subsp. Denisova,Chlorocebus sabaeus,0.108258,3.9075,100,24,126054884,104394481,38.559771286613994,40.45298252515873
516,Pongo abelii,Papio anubis,0.13152,3.9075,100,24,140435854,99933254,40.533057862356024,40.34269736216134
517,Pongo abelii,Mandrillus leucophaeus,0.129254,3.9075,100,24,140435854,92203130,40.533057862356024,35.73871811431402
518,Pongo abelii,Macaca nemestrina,0.133568,3.9075,100,24,140435854,95932474,40.533057862356024,38.95023271283116
519,Pongo abelii,Nasalis larvatus,0.128201,3.9075,100,24,140435854,75435825,40.533057862356024,31.457062330820754
520,Pongo abelii,Colobus angolensis,0.132474,3.9075,100,24,140435854,90501763,40.533057862356024,36.348927770522955
521,Pongo abelii,Carlito syrichta,0.257766,3.9075,100,24,140435854,157176205,40.533057862356024,39.53765480833894
522,Pongo abelii,Chlorocebus sabaeus,0.13961,3.9075,100,24,140435854,104394481,40.533057862356024,40.45298252515873
523,Papio anubis,Mandrillus leucophaeus,0.0602597,3.9075,100,24,99933254,92203130,40.34269736216134,35.73871811431402
524,Papio anubis,Macaca nemestrina,0.0602315,3.9075,100,24,99933254,95932474,40.34269736216134,38.95023271283116
525,Papio anubis,Nasalis larvatus,0.0710588,3.9075,100,24,99933254,75435825,40.34269736216134,31.457062330820754
526,Papio anubis,Colobus angolensis,0.0688013,3.9075,100,24,99933254,90501763,40.34269736216134,36.348927770522955
527,Papio anubis,Carlito syrichta,0.226087,3.9075,100,24,99933254,157176205,40.34269736216134,39.53765480833894
528,Papio anubis,Chlorocebus sabaeus,0.068358,3.9075,100,24,99933254,104394481,40.34269736216134,40.45298252515873
529,Mandrillus leucophaeus,Macaca nemestrina,0.0593459,3.9075,100,24,92203130,95932474,35.73871811431402,38.95023271283116
530,Mandrillus leucophaeus,Nasalis larvatus,0.0668631,3.9075,100,24,92203130,75435825,35.73871811431402,31.457062330820754
531,Mandrillus leucophaeus,Colobus angolensis,0.063121,3.9075,100,24,92203130,90501763,35.73871811431402,36.348927770522955
532,Mandrillus leucophaeus,Carlito syrichta,0.220485,3.9075,100,24,92203130,157176205,35.73871811431402,39.53765480833894
533,Mandrillus leucophaeus,Chlorocebus sabaeus,0.0742717,3.9075,100,24,92203130,104394481,35.73871811431402,40.45298252515873
534,Macaca nemestrina,Nasalis larvatus,0.0696692,3.9075,100,24,95932474,75435825,38.95023271283116,31.457062330820754
535,Macaca nemestrina,Colobus angolensis,0.0669216,3.9075,100,24,95932474,90501763,38.95023271283116,36.348927770522955
536,Macaca nemestrina,Carlito syrichta,0.221925,3.9075,100,24,95932474,157176205,38.95023271283116,39.53765480833894
537,Macaca nemestrina,Chlorocebus sabaeus,0.0727619,3.9075,100,24,95932474,104394481,38.95023271283116,40.45298252515873
538,Nasalis larvatus,Colobus angolensis,0.0671776,3.9075,100,24,75435825,90501763,31.457062330820754,36.348927770522955
539,Nasalis larvatus,Carlito syrichta,0.214231,3.9075,100,24,75435825,157176205,31.457062330820754,39.53765480833894
540,Nasalis larvatus,Chlorocebus sabaeus,0.0792565,3.9075,100,24,75435825,104394481,31.457062330820754,40.45298252515873
541,Colobus angolensis,Carlito syrichta,0.222068,3.9075,100,24,90501763,157176205,36.348927770522955,39.53765480833894
542,Colobus angolensis,Chlorocebus sabaeus,0.0784603,3.9075,100,24,90501763,104394481,36.348927770522955,40.45298252515873
543,Carlito syrichta,Chlorocebus sabaeus,0.230334,3.9075,100,24,157176205,104394481,39.53765480833894,40.45298252515873
